Distribution,Mean,Standard Deviation,Mean Error,Std Dev Error
normal,0.0006726578145023477,1.000458346711455,0.0006726578145023477,0.0004583467114549489
uniform,0.4999217609720977,0.2888447579176303,7.823902790232706e-05,0.00016962332281739156
