Distribution,Mean,Standard Deviation,Mean Error,Std Dev Error
normal,-0.0004588813431740027,0.9988152330879755,0.0004588813431740027,0.0011847669120245152
uniform,0.4995342184148415,0.28871974479768653,0.0004657815851584757,4.4610202873607285e-05
