Distribution,Mean,Standard Deviation,Mean Error,Std Dev Error
normal,0.0008475884117162767,0.9998619888640772,0.0008475884117162767,0.000138011135922822
uniform,0.5002431366226681,0.28878770703574563,0.0002431366226680609,0.00011257244093271224
